study_id,item_id,item_filename,item_cdn_url,participant_id,participant_external_id,participant_display_name,participant_tags,participant_quality_grade,participant_quality_grade_item,test_item_display_order,exposure_number,fixation_point_x,fixation_point_y,fixation_starts_at_ms,fixation_ends_at_ms,fixation_duration_ms,saccade_amplitude_percent,external_data_fbclid,notes
d4d6fdec-9f80-41bc-a81c-d1f322ab3a1e,32062453-818a-44f3-acac-1e8d66588646,Squats_20.mp4,https://d48dl6cezsco5.cloudfront.net/experiments/experiment_d4d6fdec-9f80-41bc-a81c-d1f322ab3a1e/project_lg_32062453-818a-44f3-acac-1e8d66588646.jpg?v=15.35.4,1d3a9087-9282-4d18-af02-f721758c497d,,"P0102, Male",,3,3,1,1,65.755208333333,-6.4814814814815,224,306,82,36.522554371346,IwAR3mmnJDBFtVAGgp-dCh04amN_VnzZSXXS2XSbx7Qdv51zCJ9OfApBe-DgU,"RealEye v15.35.4; FixationFilterSettings [gazePointInterpolationHz = 30; gazePointInterpolationMaxGapMs = 50; gazeVelocityThreshold = 150; minFixationDurationMs = 80; maxFixationDurationMs = 400; movingMediaRangeMs = 200; saccadeMaxDurationMs = 150]; TestCriteria [;isGenderMale=true;isGenderFemale=true;isGenderOther=true;isGenderNotSpecified=true;exposureNumber=1;qualityMin=1;qualityMax=6;exposureNumber=1;isParticipantTypeRealEye=true;isParticipantTypeNonRealEye=true;isDeviceDesktop=true;isDeviceSmartphone=true;isDeviceTablet=true;isSetupLocal=true;isSetupMouse=true;isSetupOpengaze=true]; 2024-03-03T15:46:43+00:00"
d4d6fdec-9f80-41bc-a81c-d1f322ab3a1e,32062453-818a-44f3-acac-1e8d66588646,Squats_20.mp4,https://d48dl6cezsco5.cloudfront.net/experiments/experiment_d4d6fdec-9f80-41bc-a81c-d1f322ab3a1e/project_lg_32062453-818a-44f3-acac-1e8d66588646.jpg?v=15.35.4,1d3a9087-9282-4d18-af02-f721758c497d,,"P0102, Male",,3,3,1,1,95.467122395833,46.050347222222,372,472,100,46.214189069314,IwAR3mmnJDBFtVAGgp-dCh04amN_VnzZSXXS2XSbx7Qdv51zCJ9OfApBe-DgU,
d4d6fdec-9f80-41bc-a81c-d1f322ab3a1e,32062453-818a-44f3-acac-1e8d66588646,Squats_20.mp4,https://d48dl6cezsco5.cloudfront.net/experiments/experiment_d4d6fdec-9f80-41bc-a81c-d1f322ab3a1e/project_lg_32062453-818a-44f3-acac-1e8d66588646.jpg?v=15.35.4,1d3a9087-9282-4d18-af02-f721758c497d,,"P0102, Male",,3,3,1,1,148.046875,33.877314814815,531,642,111,72.004954404759,IwAR3mmnJDBFtVAGgp-dCh04amN_VnzZSXXS2XSbx7Qdv51zCJ9OfApBe-DgU,
d4d6fdec-9f80-41bc-a81c-d1f322ab3a1e,32062453-818a-44f3-acac-1e8d66588646,Squats_20.mp4,https://d48dl6cezsco5.cloudfront.net/experiments/experiment_d4d6fdec-9f80-41bc-a81c-d1f322ab3a1e/project_lg_32062453-818a-44f3-acac-1e8d66588646.jpg?v=15.35.4,1d3a9087-9282-4d18-af02-f721758c497d,,"P0102, Male",,3,3,1,1,65.462320495105,37.84481095679,674,872,198,12.946178821253,IwAR3mmnJDBFtVAGgp-dCh04amN_VnzZSXXS2XSbx7Qdv51zCJ9OfApBe-DgU,
d4d6fdec-9f80-41bc-a81c-d1f322ab3a1e,32062453-818a-44f3-acac-1e8d66588646,Squats_20.mp4,https://d48dl6cezsco5.cloudfront.net/experiments/experiment_d4d6fdec-9f80-41bc-a81c-d1f322ab3a1e/project_lg_32062453-818a-44f3-acac-1e8d66588646.jpg?v=15.35.4,1d3a9087-9282-4d18-af02-f721758c497d,,"P0102, Male",,3,3,1,1,60.146052704618,62.50225242536,998,1388,390,42.032387743266,IwAR3mmnJDBFtVAGgp-dCh04amN_VnzZSXXS2XSbx7Qdv51zCJ9OfApBe-DgU,
d4d6fdec-9f80-41bc-a81c-d1f322ab3a1e,32062453-818a-44f3-acac-1e8d66588646,Squats_20.mp4,https://d48dl6cezsco5.cloudfront.net/experiments/experiment_d4d6fdec-9f80-41bc-a81c-d1f322ab3a1e/project_lg_32062453-818a-44f3-acac-1e8d66588646.jpg?v=15.35.4,1d3a9087-9282-4d18-af02-f721758c497d,,"P0102, Male",,3,3,1,1,15.958307779942,28.159994587305,1514,1912,398,4.8307107972681,IwAR3mmnJDBFtVAGgp-dCh04amN_VnzZSXXS2XSbx7Qdv51zCJ9OfApBe-DgU,
d4d6fdec-9f80-41bc-a81c-d1f322ab3a1e,32062453-818a-44f3-acac-1e8d66588646,Squats_20.mp4,https://d48dl6cezsco5.cloudfront.net/experiments/experiment_d4d6fdec-9f80-41bc-a81c-d1f322ab3a1e/project_lg_32062453-818a-44f3-acac-1e8d66588646.jpg?v=15.35.4,1d3a9087-9282-4d18-af02-f721758c497d,,"P0102, Male",,3,3,1,1,21.068269062818,31.976070248984,1934,2312,378,5.9652572626875,IwAR3mmnJDBFtVAGgp-dCh04amN_VnzZSXXS2XSbx7Qdv51zCJ9OfApBe-DgU,
d4d6fdec-9f80-41bc-a81c-d1f322ab3a1e,32062453-818a-44f3-acac-1e8d66588646,Squats_20.mp4,https://d48dl6cezsco5.cloudfront.net/experiments/experiment_d4d6fdec-9f80-41bc-a81c-d1f322ab3a1e/project_lg_32062453-818a-44f3-acac-1e8d66588646.jpg?v=15.35.4,1d3a9087-9282-4d18-af02-f721758c497d,,"P0102, Male",,3,3,1,1,23.3203125,20.486111111111,2338,2545,207,10.717563173208,IwAR3mmnJDBFtVAGgp-dCh04amN_VnzZSXXS2XSbx7Qdv51zCJ9OfApBe-DgU,
d4d6fdec-9f80-41bc-a81c-d1f322ab3a1e,32062453-818a-44f3-acac-1e8d66588646,Squats_20.mp4,https://d48dl6cezsco5.cloudfront.net/experiments/experiment_d4d6fdec-9f80-41bc-a81c-d1f322ab3a1e/project_lg_32062453-818a-44f3-acac-1e8d66588646.jpg?v=15.35.4,1d3a9087-9282-4d18-af02-f721758c497d,,"P0102, Male",,3,3,1,1,33.034261067708,33.890335648148,2578,2740,162,,IwAR3mmnJDBFtVAGgp-dCh04amN_VnzZSXXS2XSbx7Qdv51zCJ9OfApBe-DgU,
d4d6fdec-9f80-41bc-a81c-d1f322ab3a1e,32062453-818a-44f3-acac-1e8d66588646,Squats_20.mp4,https://d48dl6cezsco5.cloudfront.net/experiments/experiment_d4d6fdec-9f80-41bc-a81c-d1f322ab3a1e/project_lg_32062453-818a-44f3-acac-1e8d66588646.jpg?v=15.35.4,1d3a9087-9282-4d18-af02-f721758c497d,,"P0102, Male",,3,3,1,1,85.722450037707,59.286841517234,3021,3420,399,12.497369933204,IwAR3mmnJDBFtVAGgp-dCh04amN_VnzZSXXS2XSbx7Qdv51zCJ9OfApBe-DgU,
d4d6fdec-9f80-41bc-a81c-d1f322ab3a1e,32062453-818a-44f3-acac-1e8d66588646,Squats_20.mp4,https://d48dl6cezsco5.cloudfront.net/experiments/experiment_d4d6fdec-9f80-41bc-a81c-d1f322ab3a1e/project_lg_32062453-818a-44f3-acac-1e8d66588646.jpg?v=15.35.4,1d3a9087-9282-4d18-af02-f721758c497d,,"P0102, Male",,3,3,1,1,84.765625,33.85241301908,3453,3578,125,21.152913449569,IwAR3mmnJDBFtVAGgp-dCh04amN_VnzZSXXS2XSbx7Qdv51zCJ9OfApBe-DgU,
d4d6fdec-9f80-41bc-a81c-d1f322ab3a1e,32062453-818a-44f3-acac-1e8d66588646,Squats_20.mp4,https://d48dl6cezsco5.cloudfront.net/experiments/experiment_d4d6fdec-9f80-41bc-a81c-d1f322ab3a1e/project_lg_32062453-818a-44f3-acac-1e8d66588646.jpg?v=15.35.4,1d3a9087-9282-4d18-af02-f721758c497d,,"P0102, Male",,3,3,1,1,86.63325284419,76.870680776931,3632,3802,170,7.189400977068,IwAR3mmnJDBFtVAGgp-dCh04amN_VnzZSXXS2XSbx7Qdv51zCJ9OfApBe-DgU,
d4d6fdec-9f80-41bc-a81c-d1f322ab3a1e,32062453-818a-44f3-acac-1e8d66588646,Squats_20.mp4,https://d48dl6cezsco5.cloudfront.net/experiments/experiment_d4d6fdec-9f80-41bc-a81c-d1f322ab3a1e/project_lg_32062453-818a-44f3-acac-1e8d66588646.jpg?v=15.35.4,1d3a9087-9282-4d18-af02-f721758c497d,,"P0102, Male",,3,3,1,1,86.193080357143,62.22714579659,3831,4031,200,17.183527432726,IwAR3mmnJDBFtVAGgp-dCh04amN_VnzZSXXS2XSbx7Qdv51zCJ9OfApBe-DgU,
d4d6fdec-9f80-41bc-a81c-d1f322ab3a1e,32062453-818a-44f3-acac-1e8d66588646,Squats_20.mp4,https://d48dl6cezsco5.cloudfront.net/experiments/experiment_d4d6fdec-9f80-41bc-a81c-d1f322ab3a1e/project_lg_32062453-818a-44f3-acac-1e8d66588646.jpg?v=15.35.4,1d3a9087-9282-4d18-af02-f721758c497d,,"P0102, Male",,3,3,1,1,100.9765625,85.416666666667,4051,4158,107,17.863125230763,IwAR3mmnJDBFtVAGgp-dCh04amN_VnzZSXXS2XSbx7Qdv51zCJ9OfApBe-DgU,
d4d6fdec-9f80-41bc-a81c-d1f322ab3a1e,32062453-818a-44f3-acac-1e8d66588646,Squats_20.mp4,https://d48dl6cezsco5.cloudfront.net/experiments/experiment_d4d6fdec-9f80-41bc-a81c-d1f322ab3a1e/project_lg_32062453-818a-44f3-acac-1e8d66588646.jpg?v=15.35.4,1d3a9087-9282-4d18-af02-f721758c497d,,"P0102, Male",,3,3,1,1,81.783536585366,72.636254140319,4178,4293,115,20.106238241903,IwAR3mmnJDBFtVAGgp-dCh04amN_VnzZSXXS2XSbx7Qdv51zCJ9OfApBe-DgU,
d4d6fdec-9f80-41bc-a81c-d1f322ab3a1e,32062453-818a-44f3-acac-1e8d66588646,Squats_20.mp4,https://d48dl6cezsco5.cloudfront.net/experiments/experiment_d4d6fdec-9f80-41bc-a81c-d1f322ab3a1e/project_lg_32062453-818a-44f3-acac-1e8d66588646.jpg?v=15.35.4,1d3a9087-9282-4d18-af02-f721758c497d,,"P0102, Male",,3,3,1,1,71.381094953918,36.031266902081,4326,4716,390,3.2701023785712,IwAR3mmnJDBFtVAGgp-dCh04amN_VnzZSXXS2XSbx7Qdv51zCJ9OfApBe-DgU,
d4d6fdec-9f80-41bc-a81c-d1f322ab3a1e,32062453-818a-44f3-acac-1e8d66588646,Squats_20.mp4,https://d48dl6cezsco5.cloudfront.net/experiments/experiment_d4d6fdec-9f80-41bc-a81c-d1f322ab3a1e/project_lg_32062453-818a-44f3-acac-1e8d66588646.jpg?v=15.35.4,1d3a9087-9282-4d18-af02-f721758c497d,,"P0102, Male",,3,3,1,1,72.928873697917,29.955150462963,4746,4914,168,14.064125005995,IwAR3mmnJDBFtVAGgp-dCh04amN_VnzZSXXS2XSbx7Qdv51zCJ9OfApBe-DgU,
d4d6fdec-9f80-41bc-a81c-d1f322ab3a1e,32062453-818a-44f3-acac-1e8d66588646,Squats_20.mp4,https://d48dl6cezsco5.cloudfront.net/experiments/experiment_d4d6fdec-9f80-41bc-a81c-d1f322ab3a1e/project_lg_32062453-818a-44f3-acac-1e8d66588646.jpg?v=15.35.4,1d3a9087-9282-4d18-af02-f721758c497d,,"P0102, Male",,3,3,1,1,56.8359375,32.060185185185,4934,5035,101,9.5548963256866,IwAR3mmnJDBFtVAGgp-dCh04amN_VnzZSXXS2XSbx7Qdv51zCJ9OfApBe-DgU,
d4d6fdec-9f80-41bc-a81c-d1f322ab3a1e,32062453-818a-44f3-acac-1e8d66588646,Squats_20.mp4,https://d48dl6cezsco5.cloudfront.net/experiments/experiment_d4d6fdec-9f80-41bc-a81c-d1f322ab3a1e/project_lg_32062453-818a-44f3-acac-1e8d66588646.jpg?v=15.35.4,1d3a9087-9282-4d18-af02-f721758c497d,,"P0102, Male",,3,3,1,1,64.641369047619,18.375,5054,5141,87,7.1071331666196,IwAR3mmnJDBFtVAGgp-dCh04amN_VnzZSXXS2XSbx7Qdv51zCJ9OfApBe-DgU,
d4d6fdec-9f80-41bc-a81c-d1f322ab3a1e,32062453-818a-44f3-acac-1e8d66588646,Squats_20.mp4,https://d48dl6cezsco5.cloudfront.net/experiments/experiment_d4d6fdec-9f80-41bc-a81c-d1f322ab3a1e/project_lg_32062453-818a-44f3-acac-1e8d66588646.jpg?v=15.35.4,1d3a9087-9282-4d18-af02-f721758c497d,,"P0102, Male",,3,3,1,1,57.985152867965,26.749113155363,5166,5391,225,,IwAR3mmnJDBFtVAGgp-dCh04amN_VnzZSXXS2XSbx7Qdv51zCJ9OfApBe-DgU,
d4d6fdec-9f80-41bc-a81c-d1f322ab3a1e,32062453-818a-44f3-acac-1e8d66588646,Squats_20.mp4,https://d48dl6cezsco5.cloudfront.net/experiments/experiment_d4d6fdec-9f80-41bc-a81c-d1f322ab3a1e/project_lg_32062453-818a-44f3-acac-1e8d66588646.jpg?v=15.35.4,1d3a9087-9282-4d18-af02-f721758c497d,,"P0102, Male",,3,3,1,1,100.390625,100.92592592593,5545,5635,90,25.749037090624,IwAR3mmnJDBFtVAGgp-dCh04amN_VnzZSXXS2XSbx7Qdv51zCJ9OfApBe-DgU,
d4d6fdec-9f80-41bc-a81c-d1f322ab3a1e,32062453-818a-44f3-acac-1e8d66588646,Squats_20.mp4,https://d48dl6cezsco5.cloudfront.net/experiments/experiment_d4d6fdec-9f80-41bc-a81c-d1f322ab3a1e/project_lg_32062453-818a-44f3-acac-1e8d66588646.jpg?v=15.35.4,1d3a9087-9282-4d18-af02-f721758c497d,,"P0102, Male",,3,3,1,1,77.395753938008,67.951610691702,5704,5870,166,19.193962126315,IwAR3mmnJDBFtVAGgp-dCh04amN_VnzZSXXS2XSbx7Qdv51zCJ9OfApBe-DgU,
d4d6fdec-9f80-41bc-a81c-d1f322ab3a1e,32062453-818a-44f3-acac-1e8d66588646,Squats_20.mp4,https://d48dl6cezsco5.cloudfront.net/experiments/experiment_d4d6fdec-9f80-41bc-a81c-d1f322ab3a1e/project_lg_32062453-818a-44f3-acac-1e8d66588646.jpg?v=15.35.4,1d3a9087-9282-4d18-af02-f721758c497d,,"P0102, Male",,3,3,1,1,68.75,31.944444444444,5922,6037,115,10.637769426735,IwAR3mmnJDBFtVAGgp-dCh04amN_VnzZSXXS2XSbx7Qdv51zCJ9OfApBe-DgU,
d4d6fdec-9f80-41bc-a81c-d1f322ab3a1e,32062453-818a-44f3-acac-1e8d66588646,Squats_20.mp4,https://d48dl6cezsco5.cloudfront.net/experiments/experiment_d4d6fdec-9f80-41bc-a81c-d1f322ab3a1e/project_lg_32062453-818a-44f3-acac-1e8d66588646.jpg?v=15.35.4,1d3a9087-9282-4d18-af02-f721758c497d,,"P0102, Male",,3,3,1,1,57.778084962072,41.449227655719,6139,6401,262,18.356879289143,IwAR3mmnJDBFtVAGgp-dCh04amN_VnzZSXXS2XSbx7Qdv51zCJ9OfApBe-DgU,
d4d6fdec-9f80-41bc-a81c-d1f322ab3a1e,32062453-818a-44f3-acac-1e8d66588646,Squats_20.mp4,https://d48dl6cezsco5.cloudfront.net/experiments/experiment_d4d6fdec-9f80-41bc-a81c-d1f322ab3a1e/project_lg_32062453-818a-44f3-acac-1e8d66588646.jpg?v=15.35.4,1d3a9087-9282-4d18-af02-f721758c497d,,"P0102, Male",,3,3,1,1,78.344919686264,49.518327397519,6425,6639,214,8.1524490943336,IwAR3mmnJDBFtVAGgp-dCh04amN_VnzZSXXS2XSbx7Qdv51zCJ9OfApBe-DgU,
d4d6fdec-9f80-41bc-a81c-d1f322ab3a1e,32062453-818a-44f3-acac-1e8d66588646,Squats_20.mp4,https://d48dl6cezsco5.cloudfront.net/experiments/experiment_d4d6fdec-9f80-41bc-a81c-d1f322ab3a1e/project_lg_32062453-818a-44f3-acac-1e8d66588646.jpg?v=15.35.4,1d3a9087-9282-4d18-af02-f721758c497d,,"P0102, Male",,3,3,1,1,69.7265625,43.055555555556,6662,6771,109,12.895227503271,IwAR3mmnJDBFtVAGgp-dCh04amN_VnzZSXXS2XSbx7Qdv51zCJ9OfApBe-DgU,
d4d6fdec-9f80-41bc-a81c-d1f322ab3a1e,32062453-818a-44f3-acac-1e8d66588646,Squats_20.mp4,https://d48dl6cezsco5.cloudfront.net/experiments/experiment_d4d6fdec-9f80-41bc-a81c-d1f322ab3a1e/project_lg_32062453-818a-44f3-acac-1e8d66588646.jpg?v=15.35.4,1d3a9087-9282-4d18-af02-f721758c497d,,"P0102, Male",,3,3,1,1,83.854166666667,50.868055555556,6796,6904,108,9.2699077874388,IwAR3mmnJDBFtVAGgp-dCh04amN_VnzZSXXS2XSbx7Qdv51zCJ9OfApBe-DgU,
d4d6fdec-9f80-41bc-a81c-d1f322ab3a1e,32062453-818a-44f3-acac-1e8d66588646,Squats_20.mp4,https://d48dl6cezsco5.cloudfront.net/experiments/experiment_d4d6fdec-9f80-41bc-a81c-d1f322ab3a1e/project_lg_32062453-818a-44f3-acac-1e8d66588646.jpg?v=15.35.4,1d3a9087-9282-4d18-af02-f721758c497d,,"P0102, Male",,3,3,1,1,73.296873712508,48.574845170374,6924,7109,185,,IwAR3mmnJDBFtVAGgp-dCh04amN_VnzZSXXS2XSbx7Qdv51zCJ9OfApBe-DgU,
d4d6fdec-9f80-41bc-a81c-d1f322ab3a1e,32062453-818a-44f3-acac-1e8d66588646,Squats_20.mp4,https://d48dl6cezsco5.cloudfront.net/experiments/experiment_d4d6fdec-9f80-41bc-a81c-d1f322ab3a1e/project_lg_32062453-818a-44f3-acac-1e8d66588646.jpg?v=15.35.4,1d3a9087-9282-4d18-af02-f721758c497d,,"P0102, Male",,3,3,1,1,73.157694468012,61.182192043099,7511,7911,400,16.059644202225,IwAR3mmnJDBFtVAGgp-dCh04amN_VnzZSXXS2XSbx7Qdv51zCJ9OfApBe-DgU,
d4d6fdec-9f80-41bc-a81c-d1f322ab3a1e,32062453-818a-44f3-acac-1e8d66588646,Squats_20.mp4,https://d48dl6cezsco5.cloudfront.net/experiments/experiment_d4d6fdec-9f80-41bc-a81c-d1f322ab3a1e/project_lg_32062453-818a-44f3-acac-1e8d66588646.jpg?v=15.35.4,1d3a9087-9282-4d18-af02-f721758c497d,,"P0102, Male",,3,3,1,1,73.46099502675,28.429310315884,7931,8323,392,1.9792272381781,IwAR3mmnJDBFtVAGgp-dCh04amN_VnzZSXXS2XSbx7Qdv51zCJ9OfApBe-DgU,
d4d6fdec-9f80-41bc-a81c-d1f322ab3a1e,32062453-818a-44f3-acac-1e8d66588646,Squats_20.mp4,https://d48dl6cezsco5.cloudfront.net/experiments/experiment_d4d6fdec-9f80-41bc-a81c-d1f322ab3a1e/project_lg_32062453-818a-44f3-acac-1e8d66588646.jpg?v=15.35.4,1d3a9087-9282-4d18-af02-f721758c497d,,"P0102, Male",,3,3,1,1,73.546227487014,32.463552644786,8341,8533,192,12.872059905712,IwAR3mmnJDBFtVAGgp-dCh04amN_VnzZSXXS2XSbx7Qdv51zCJ9OfApBe-DgU,
d4d6fdec-9f80-41bc-a81c-d1f322ab3a1e,32062453-818a-44f3-acac-1e8d66588646,Squats_20.mp4,https://d48dl6cezsco5.cloudfront.net/experiments/experiment_d4d6fdec-9f80-41bc-a81c-d1f322ab3a1e/project_lg_32062453-818a-44f3-acac-1e8d66588646.jpg?v=15.35.4,1d3a9087-9282-4d18-af02-f721758c497d,,"P0102, Male",,3,3,1,1,87.879045380266,26.131671785969,8551,8899,348,,IwAR3mmnJDBFtVAGgp-dCh04amN_VnzZSXXS2XSbx7Qdv51zCJ9OfApBe-DgU,
d4d6fdec-9f80-41bc-a81c-d1f322ab3a1e,32062453-818a-44f3-acac-1e8d66588646,Squats_20.mp4,https://d48dl6cezsco5.cloudfront.net/experiments/experiment_d4d6fdec-9f80-41bc-a81c-d1f322ab3a1e/project_lg_32062453-818a-44f3-acac-1e8d66588646.jpg?v=15.35.4,1d3a9087-9282-4d18-af02-f721758c497d,,"P0102, Male",,3,3,1,1,45.60546875,46.875,9315,9430,115,9.3728871552512,IwAR3mmnJDBFtVAGgp-dCh04amN_VnzZSXXS2XSbx7Qdv51zCJ9OfApBe-DgU,
d4d6fdec-9f80-41bc-a81c-d1f322ab3a1e,32062453-818a-44f3-acac-1e8d66588646,Squats_20.mp4,https://d48dl6cezsco5.cloudfront.net/experiments/experiment_d4d6fdec-9f80-41bc-a81c-d1f322ab3a1e/project_lg_32062453-818a-44f3-acac-1e8d66588646.jpg?v=15.35.4,1d3a9087-9282-4d18-af02-f721758c497d,,"P0102, Male",,3,3,1,1,56.344039351852,47.89737654321,9461,9656,195,11.834649880494,IwAR3mmnJDBFtVAGgp-dCh04amN_VnzZSXXS2XSbx7Qdv51zCJ9OfApBe-DgU,
d4d6fdec-9f80-41bc-a81c-d1f322ab3a1e,32062453-818a-44f3-acac-1e8d66588646,Squats_20.mp4,https://d48dl6cezsco5.cloudfront.net/experiments/experiment_d4d6fdec-9f80-41bc-a81c-d1f322ab3a1e/project_lg_32062453-818a-44f3-acac-1e8d66588646.jpg?v=15.35.4,1d3a9087-9282-4d18-af02-f721758c497d,,"P0102, Male",,3,3,1,1,69.821579391892,44.959803553554,9676,9758,82,20.690969832231,IwAR3mmnJDBFtVAGgp-dCh04amN_VnzZSXXS2XSbx7Qdv51zCJ9OfApBe-DgU,
d4d6fdec-9f80-41bc-a81c-d1f322ab3a1e,32062453-818a-44f3-acac-1e8d66588646,Squats_20.mp4,https://d48dl6cezsco5.cloudfront.net/experiments/experiment_d4d6fdec-9f80-41bc-a81c-d1f322ab3a1e/project_lg_32062453-818a-44f3-acac-1e8d66588646.jpg?v=15.35.4,1d3a9087-9282-4d18-af02-f721758c497d,,"P0102, Male",,3,3,1,1,91.518880208333,62.085813492063,9809,9895,86,9.8283872114849,IwAR3mmnJDBFtVAGgp-dCh04amN_VnzZSXXS2XSbx7Qdv51zCJ9OfApBe-DgU,
d4d6fdec-9f80-41bc-a81c-d1f322ab3a1e,32062453-818a-44f3-acac-1e8d66588646,Squats_20.mp4,https://d48dl6cezsco5.cloudfront.net/experiments/experiment_d4d6fdec-9f80-41bc-a81c-d1f322ab3a1e/project_lg_32062453-818a-44f3-acac-1e8d66588646.jpg?v=15.35.4,1d3a9087-9282-4d18-af02-f721758c497d,,"P0102, Male",,3,3,1,1,101.91002248602,69.872665571217,9925,10324,399,26.393547668121,IwAR3mmnJDBFtVAGgp-dCh04amN_VnzZSXXS2XSbx7Qdv51zCJ9OfApBe-DgU,
d4d6fdec-9f80-41bc-a81c-d1f322ab3a1e,32062453-818a-44f3-acac-1e8d66588646,Squats_20.mp4,https://d48dl6cezsco5.cloudfront.net/experiments/experiment_d4d6fdec-9f80-41bc-a81c-d1f322ab3a1e/project_lg_32062453-818a-44f3-acac-1e8d66588646.jpg?v=15.35.4,1d3a9087-9282-4d18-af02-f721758c497d,,"P0102, Male",,3,3,1,1,90.445824430199,20.043922127255,10392,10520,128,14.288687834656,IwAR3mmnJDBFtVAGgp-dCh04amN_VnzZSXXS2XSbx7Qdv51zCJ9OfApBe-DgU,
d4d6fdec-9f80-41bc-a81c-d1f322ab3a1e,32062453-818a-44f3-acac-1e8d66588646,Squats_20.mp4,https://d48dl6cezsco5.cloudfront.net/experiments/experiment_d4d6fdec-9f80-41bc-a81c-d1f322ab3a1e/project_lg_32062453-818a-44f3-acac-1e8d66588646.jpg?v=15.35.4,1d3a9087-9282-4d18-af02-f721758c497d,,"P0102, Male",,3,3,1,1,105.62421215408,31.05793117226,10541,10822,281,19.234442821198,IwAR3mmnJDBFtVAGgp-dCh04amN_VnzZSXXS2XSbx7Qdv51zCJ9OfApBe-DgU,
d4d6fdec-9f80-41bc-a81c-d1f322ab3a1e,32062453-818a-44f3-acac-1e8d66588646,Squats_20.mp4,https://d48dl6cezsco5.cloudfront.net/experiments/experiment_d4d6fdec-9f80-41bc-a81c-d1f322ab3a1e/project_lg_32062453-818a-44f3-acac-1e8d66588646.jpg?v=15.35.4,1d3a9087-9282-4d18-af02-f721758c497d,,"P0102, Male",,3,3,1,1,83.873479312932,37.692703387148,10841,11143,302,13.624251583209,IwAR3mmnJDBFtVAGgp-dCh04amN_VnzZSXXS2XSbx7Qdv51zCJ9OfApBe-DgU,
d4d6fdec-9f80-41bc-a81c-d1f322ab3a1e,32062453-818a-44f3-acac-1e8d66588646,Squats_20.mp4,https://d48dl6cezsco5.cloudfront.net/experiments/experiment_d4d6fdec-9f80-41bc-a81c-d1f322ab3a1e/project_lg_32062453-818a-44f3-acac-1e8d66588646.jpg?v=15.35.4,1d3a9087-9282-4d18-af02-f721758c497d,,"P0102, Male",,3,3,1,1,99.455356178308,39.910829983661,11173,11557,384,1.8735028159684,IwAR3mmnJDBFtVAGgp-dCh04amN_VnzZSXXS2XSbx7Qdv51zCJ9OfApBe-DgU,
d4d6fdec-9f80-41bc-a81c-d1f322ab3a1e,32062453-818a-44f3-acac-1e8d66588646,Squats_20.mp4,https://d48dl6cezsco5.cloudfront.net/experiments/experiment_d4d6fdec-9f80-41bc-a81c-d1f322ab3a1e/project_lg_32062453-818a-44f3-acac-1e8d66588646.jpg?v=15.35.4,1d3a9087-9282-4d18-af02-f721758c497d,,"P0102, Male",,3,3,1,1,98.530788651231,36.460943448791,11581,11971,390,26.996077533501,IwAR3mmnJDBFtVAGgp-dCh04amN_VnzZSXXS2XSbx7Qdv51zCJ9OfApBe-DgU,
d4d6fdec-9f80-41bc-a81c-d1f322ab3a1e,32062453-818a-44f3-acac-1e8d66588646,Squats_20.mp4,https://d48dl6cezsco5.cloudfront.net/experiments/experiment_d4d6fdec-9f80-41bc-a81c-d1f322ab3a1e/project_lg_32062453-818a-44f3-acac-1e8d66588646.jpg?v=15.35.4,1d3a9087-9282-4d18-af02-f721758c497d,,"P0102, Male",,3,3,1,1,119.79166666667,76.50462962963,12074,12187,113,,IwAR3mmnJDBFtVAGgp-dCh04amN_VnzZSXXS2XSbx7Qdv51zCJ9OfApBe-DgU,
d4d6fdec-9f80-41bc-a81c-d1f322ab3a1e,32062453-818a-44f3-acac-1e8d66588646,Squats_20.mp4,https://d48dl6cezsco5.cloudfront.net/experiments/experiment_d4d6fdec-9f80-41bc-a81c-d1f322ab3a1e/project_lg_32062453-818a-44f3-acac-1e8d66588646.jpg?v=15.35.4,1d3a9087-9282-4d18-af02-f721758c497d,,"P0102, Male",,3,3,1,1,88.137198379195,32.787148995496,12340,12719,379,3.6049377868597,IwAR3mmnJDBFtVAGgp-dCh04amN_VnzZSXXS2XSbx7Qdv51zCJ9OfApBe-DgU,
d4d6fdec-9f80-41bc-a81c-d1f322ab3a1e,32062453-818a-44f3-acac-1e8d66588646,Squats_20.mp4,https://d48dl6cezsco5.cloudfront.net/experiments/experiment_d4d6fdec-9f80-41bc-a81c-d1f322ab3a1e/project_lg_32062453-818a-44f3-acac-1e8d66588646.jpg?v=15.35.4,1d3a9087-9282-4d18-af02-f721758c497d,,"P0102, Male",,3,3,1,1,84.260520967916,30.223922444732,12744,13129,385,9.4207357557691,IwAR3mmnJDBFtVAGgp-dCh04amN_VnzZSXXS2XSbx7Qdv51zCJ9OfApBe-DgU,
d4d6fdec-9f80-41bc-a81c-d1f322ab3a1e,32062453-818a-44f3-acac-1e8d66588646,Squats_20.mp4,https://d48dl6cezsco5.cloudfront.net/experiments/experiment_d4d6fdec-9f80-41bc-a81c-d1f322ab3a1e/project_lg_32062453-818a-44f3-acac-1e8d66588646.jpg?v=15.35.4,1d3a9087-9282-4d18-af02-f721758c497d,,"P0102, Male",,3,3,1,1,84.733072916667,49.421296296296,13152,13268,116,37.077267655109,IwAR3mmnJDBFtVAGgp-dCh04amN_VnzZSXXS2XSbx7Qdv51zCJ9OfApBe-DgU,
d4d6fdec-9f80-41bc-a81c-d1f322ab3a1e,32062453-818a-44f3-acac-1e8d66588646,Squats_20.mp4,https://d48dl6cezsco5.cloudfront.net/experiments/experiment_d4d6fdec-9f80-41bc-a81c-d1f322ab3a1e/project_lg_32062453-818a-44f3-acac-1e8d66588646.jpg?v=15.35.4,1d3a9087-9282-4d18-af02-f721758c497d,,"P0102, Male",,3,3,1,1,44.721107973299,23.73639798987,13356,13640,284,10.9559904507,IwAR3mmnJDBFtVAGgp-dCh04amN_VnzZSXXS2XSbx7Qdv51zCJ9OfApBe-DgU,
d4d6fdec-9f80-41bc-a81c-d1f322ab3a1e,32062453-818a-44f3-acac-1e8d66588646,Squats_20.mp4,https://d48dl6cezsco5.cloudfront.net/experiments/experiment_d4d6fdec-9f80-41bc-a81c-d1f322ab3a1e/project_lg_32062453-818a-44f3-acac-1e8d66588646.jpg?v=15.35.4,1d3a9087-9282-4d18-af02-f721758c497d,,"P0102, Male",,3,3,1,1,41.634114583333,45.399305555556,13704,13825,121,,IwAR3mmnJDBFtVAGgp-dCh04amN_VnzZSXXS2XSbx7Qdv51zCJ9OfApBe-DgU,
d4d6fdec-9f80-41bc-a81c-d1f322ab3a1e,32062453-818a-44f3-acac-1e8d66588646,Squats_20.mp4,https://d48dl6cezsco5.cloudfront.net/experiments/experiment_d4d6fdec-9f80-41bc-a81c-d1f322ab3a1e/project_lg_32062453-818a-44f3-acac-1e8d66588646.jpg?v=15.35.4,1d3a9087-9282-4d18-af02-f721758c497d,,"P0102, Male",,3,3,1,1,117.51302083333,75.231481481481,13998,14089,91,43.139761100415,IwAR3mmnJDBFtVAGgp-dCh04amN_VnzZSXXS2XSbx7Qdv51zCJ9OfApBe-DgU,
d4d6fdec-9f80-41bc-a81c-d1f322ab3a1e,32062453-818a-44f3-acac-1e8d66588646,Squats_20.mp4,https://d48dl6cezsco5.cloudfront.net/experiments/experiment_d4d6fdec-9f80-41bc-a81c-d1f322ab3a1e/project_lg_32062453-818a-44f3-acac-1e8d66588646.jpg?v=15.35.4,1d3a9087-9282-4d18-af02-f721758c497d,,"P0102, Male",,3,3,1,1,68.815104166667,59.490740740741,14140,14238,98,34.233760494599,IwAR3mmnJDBFtVAGgp-dCh04amN_VnzZSXXS2XSbx7Qdv51zCJ9OfApBe-DgU,
d4d6fdec-9f80-41bc-a81c-d1f322ab3a1e,32062453-818a-44f3-acac-1e8d66588646,Squats_20.mp4,https://d48dl6cezsco5.cloudfront.net/experiments/experiment_d4d6fdec-9f80-41bc-a81c-d1f322ab3a1e/project_lg_32062453-818a-44f3-acac-1e8d66588646.jpg?v=15.35.4,1d3a9087-9282-4d18-af02-f721758c497d,,"P0102, Male",,3,3,1,1,104.23177083333,89.682751661918,14249,14366,117,33.487166702443,IwAR3mmnJDBFtVAGgp-dCh04amN_VnzZSXXS2XSbx7Qdv51zCJ9OfApBe-DgU,
d4d6fdec-9f80-41bc-a81c-d1f322ab3a1e,32062453-818a-44f3-acac-1e8d66588646,Squats_20.mp4,https://d48dl6cezsco5.cloudfront.net/experiments/experiment_d4d6fdec-9f80-41bc-a81c-d1f322ab3a1e/project_lg_32062453-818a-44f3-acac-1e8d66588646.jpg?v=15.35.4,1d3a9087-9282-4d18-af02-f721758c497d,,"P0102, Male",,3,3,1,1,91.397055379763,25.30177882305,14390,14777,387,8.8216119306169,IwAR3mmnJDBFtVAGgp-dCh04amN_VnzZSXXS2XSbx7Qdv51zCJ9OfApBe-DgU,
d4d6fdec-9f80-41bc-a81c-d1f322ab3a1e,32062453-818a-44f3-acac-1e8d66588646,Squats_20.mp4,https://d48dl6cezsco5.cloudfront.net/experiments/experiment_d4d6fdec-9f80-41bc-a81c-d1f322ab3a1e/project_lg_32062453-818a-44f3-acac-1e8d66588646.jpg?v=15.35.4,1d3a9087-9282-4d18-af02-f721758c497d,,"P0102, Male",,3,3,1,1,86.33773424875,9.7173377339556,14801,15190,389,10.508540156797,IwAR3mmnJDBFtVAGgp-dCh04amN_VnzZSXXS2XSbx7Qdv51zCJ9OfApBe-DgU,
d4d6fdec-9f80-41bc-a81c-d1f322ab3a1e,32062453-818a-44f3-acac-1e8d66588646,Squats_20.mp4,https://d48dl6cezsco5.cloudfront.net/experiments/experiment_d4d6fdec-9f80-41bc-a81c-d1f322ab3a1e/project_lg_32062453-818a-44f3-acac-1e8d66588646.jpg?v=15.35.4,1d3a9087-9282-4d18-af02-f721758c497d,,"P0102, Male",,3,3,1,1,95.989874564093,22.562463256908,15212,15345,133,9.1702681345196,IwAR3mmnJDBFtVAGgp-dCh04amN_VnzZSXXS2XSbx7Qdv51zCJ9OfApBe-DgU,
d4d6fdec-9f80-41bc-a81c-d1f322ab3a1e,32062453-818a-44f3-acac-1e8d66588646,Squats_20.mp4,https://d48dl6cezsco5.cloudfront.net/experiments/experiment_d4d6fdec-9f80-41bc-a81c-d1f322ab3a1e/project_lg_32062453-818a-44f3-acac-1e8d66588646.jpg?v=15.35.4,1d3a9087-9282-4d18-af02-f721758c497d,,"P0102, Male",,3,3,1,1,104.6875,12.037037037037,15367,15484,117,37.136418843461,IwAR3mmnJDBFtVAGgp-dCh04amN_VnzZSXXS2XSbx7Qdv51zCJ9OfApBe-DgU,
d4d6fdec-9f80-41bc-a81c-d1f322ab3a1e,32062453-818a-44f3-acac-1e8d66588646,Squats_20.mp4,https://d48dl6cezsco5.cloudfront.net/experiments/experiment_d4d6fdec-9f80-41bc-a81c-d1f322ab3a1e/project_lg_32062453-818a-44f3-acac-1e8d66588646.jpg?v=15.35.4,1d3a9087-9282-4d18-af02-f721758c497d,,"P0102, Male",,3,3,1,1,130.72916666667,71.990740740741,15614,15729,115,34.964123357536,IwAR3mmnJDBFtVAGgp-dCh04amN_VnzZSXXS2XSbx7Qdv51zCJ9OfApBe-DgU,
d4d6fdec-9f80-41bc-a81c-d1f322ab3a1e,32062453-818a-44f3-acac-1e8d66588646,Squats_20.mp4,https://d48dl6cezsco5.cloudfront.net/experiments/experiment_d4d6fdec-9f80-41bc-a81c-d1f322ab3a1e/project_lg_32062453-818a-44f3-acac-1e8d66588646.jpg?v=15.35.4,1d3a9087-9282-4d18-af02-f721758c497d,,"P0102, Male",,3,3,1,1,96.24609276643,35.547987891738,15816,16099,283,10.534864963153,IwAR3mmnJDBFtVAGgp-dCh04amN_VnzZSXXS2XSbx7Qdv51zCJ9OfApBe-DgU,
d4d6fdec-9f80-41bc-a81c-d1f322ab3a1e,32062453-818a-44f3-acac-1e8d66588646,Squats_20.mp4,https://d48dl6cezsco5.cloudfront.net/experiments/experiment_d4d6fdec-9f80-41bc-a81c-d1f322ab3a1e/project_lg_32062453-818a-44f3-acac-1e8d66588646.jpg?v=15.35.4,1d3a9087-9282-4d18-af02-f721758c497d,,"P0102, Male",,3,3,1,1,107.82017299107,41.742180442638,16120,16291,171,16.243788821201,IwAR3mmnJDBFtVAGgp-dCh04amN_VnzZSXXS2XSbx7Qdv51zCJ9OfApBe-DgU,
d4d6fdec-9f80-41bc-a81c-d1f322ab3a1e,32062453-818a-44f3-acac-1e8d66588646,Squats_20.mp4,https://d48dl6cezsco5.cloudfront.net/experiments/experiment_d4d6fdec-9f80-41bc-a81c-d1f322ab3a1e/project_lg_32062453-818a-44f3-acac-1e8d66588646.jpg?v=15.35.4,1d3a9087-9282-4d18-af02-f721758c497d,,"P0102, Male",,3,3,1,1,118.89428490991,68.391768292683,16393,16500,107,42.318769669291,IwAR3mmnJDBFtVAGgp-dCh04amN_VnzZSXXS2XSbx7Qdv51zCJ9OfApBe-DgU,
d4d6fdec-9f80-41bc-a81c-d1f322ab3a1e,32062453-818a-44f3-acac-1e8d66588646,Squats_20.mp4,https://d48dl6cezsco5.cloudfront.net/experiments/experiment_d4d6fdec-9f80-41bc-a81c-d1f322ab3a1e/project_lg_32062453-818a-44f3-acac-1e8d66588646.jpg?v=15.35.4,1d3a9087-9282-4d18-af02-f721758c497d,,"P0102, Male",,3,3,1,1,71.09375,53.240740740741,16616,16729,113,26.843371730783,IwAR3mmnJDBFtVAGgp-dCh04amN_VnzZSXXS2XSbx7Qdv51zCJ9OfApBe-DgU,
d4d6fdec-9f80-41bc-a81c-d1f322ab3a1e,32062453-818a-44f3-acac-1e8d66588646,Squats_20.mp4,https://d48dl6cezsco5.cloudfront.net/experiments/experiment_d4d6fdec-9f80-41bc-a81c-d1f322ab3a1e/project_lg_32062453-818a-44f3-acac-1e8d66588646.jpg?v=15.35.4,1d3a9087-9282-4d18-af02-f721758c497d,,"P0102, Male",,3,3,1,1,101.88802083333,54.166666666667,16749,16866,117,12.532627337119,IwAR3mmnJDBFtVAGgp-dCh04amN_VnzZSXXS2XSbx7Qdv51zCJ9OfApBe-DgU,
d4d6fdec-9f80-41bc-a81c-d1f322ab3a1e,32062453-818a-44f3-acac-1e8d66588646,Squats_20.mp4,https://d48dl6cezsco5.cloudfront.net/experiments/experiment_d4d6fdec-9f80-41bc-a81c-d1f322ab3a1e/project_lg_32062453-818a-44f3-acac-1e8d66588646.jpg?v=15.35.4,1d3a9087-9282-4d18-af02-f721758c497d,,"P0102, Male",,3,3,1,1,87.994544658988,47.578094505225,16892,17094,202,,IwAR3mmnJDBFtVAGgp-dCh04amN_VnzZSXXS2XSbx7Qdv51zCJ9OfApBe-DgU,
d4d6fdec-9f80-41bc-a81c-d1f322ab3a1e,32062453-818a-44f3-acac-1e8d66588646,Squats_20.mp4,https://d48dl6cezsco5.cloudfront.net/experiments/experiment_d4d6fdec-9f80-41bc-a81c-d1f322ab3a1e/project_lg_32062453-818a-44f3-acac-1e8d66588646.jpg?v=15.35.4,1d3a9087-9282-4d18-af02-f721758c497d,,"P0102, Male",,3,3,1,1,75.520833333333,55.15873015873,17261,17401,140,39.921326654791,IwAR3mmnJDBFtVAGgp-dCh04amN_VnzZSXXS2XSbx7Qdv51zCJ9OfApBe-DgU,
d4d6fdec-9f80-41bc-a81c-d1f322ab3a1e,32062453-818a-44f3-acac-1e8d66588646,Squats_20.mp4,https://d48dl6cezsco5.cloudfront.net/experiments/experiment_d4d6fdec-9f80-41bc-a81c-d1f322ab3a1e/project_lg_32062453-818a-44f3-acac-1e8d66588646.jpg?v=15.35.4,1d3a9087-9282-4d18-af02-f721758c497d,,"P0102, Male",,3,3,1,1,119.59635416667,77.314814814815,17487,17596,109,23.339669722384,IwAR3mmnJDBFtVAGgp-dCh04amN_VnzZSXXS2XSbx7Qdv51zCJ9OfApBe-DgU,
d4d6fdec-9f80-41bc-a81c-d1f322ab3a1e,32062453-818a-44f3-acac-1e8d66588646,Squats_20.mp4,https://d48dl6cezsco5.cloudfront.net/experiments/experiment_d4d6fdec-9f80-41bc-a81c-d1f322ab3a1e/project_lg_32062453-818a-44f3-acac-1e8d66588646.jpg?v=15.35.4,1d3a9087-9282-4d18-af02-f721758c497d,,"P0102, Male",,3,3,1,1,95.990719159664,54.83640691974,17616,17999,383,8.564604115425,IwAR3mmnJDBFtVAGgp-dCh04amN_VnzZSXXS2XSbx7Qdv51zCJ9OfApBe-DgU,
d4d6fdec-9f80-41bc-a81c-d1f322ab3a1e,32062453-818a-44f3-acac-1e8d66588646,Squats_20.mp4,https://d48dl6cezsco5.cloudfront.net/experiments/experiment_d4d6fdec-9f80-41bc-a81c-d1f322ab3a1e/project_lg_32062453-818a-44f3-acac-1e8d66588646.jpg?v=15.35.4,1d3a9087-9282-4d18-af02-f721758c497d,,"P0102, Male",,3,3,1,1,86.868851273148,48.340060145616,18023,18239,216,5.9454328274102,IwAR3mmnJDBFtVAGgp-dCh04amN_VnzZSXXS2XSbx7Qdv51zCJ9OfApBe-DgU,
d4d6fdec-9f80-41bc-a81c-d1f322ab3a1e,32062453-818a-44f3-acac-1e8d66588646,Squats_20.mp4,https://d48dl6cezsco5.cloudfront.net/experiments/experiment_d4d6fdec-9f80-41bc-a81c-d1f322ab3a1e/project_lg_32062453-818a-44f3-acac-1e8d66588646.jpg?v=15.35.4,1d3a9087-9282-4d18-af02-f721758c497d,,"P0102, Male",,3,3,1,1,92.578125,54.976851851852,18267,18364,97,10.019531683258,IwAR3mmnJDBFtVAGgp-dCh04amN_VnzZSXXS2XSbx7Qdv51zCJ9OfApBe-DgU,
d4d6fdec-9f80-41bc-a81c-d1f322ab3a1e,32062453-818a-44f3-acac-1e8d66588646,Squats_20.mp4,https://d48dl6cezsco5.cloudfront.net/experiments/experiment_d4d6fdec-9f80-41bc-a81c-d1f322ab3a1e/project_lg_32062453-818a-44f3-acac-1e8d66588646.jpg?v=15.35.4,1d3a9087-9282-4d18-af02-f721758c497d,,"P0102, Male",,3,3,1,1,103.04445251938,63.430432508921,18388,18690,302,8.6585291714878,IwAR3mmnJDBFtVAGgp-dCh04amN_VnzZSXXS2XSbx7Qdv51zCJ9OfApBe-DgU,
d4d6fdec-9f80-41bc-a81c-d1f322ab3a1e,32062453-818a-44f3-acac-1e8d66588646,Squats_20.mp4,https://d48dl6cezsco5.cloudfront.net/experiments/experiment_d4d6fdec-9f80-41bc-a81c-d1f322ab3a1e/project_lg_32062453-818a-44f3-acac-1e8d66588646.jpg?v=15.35.4,1d3a9087-9282-4d18-af02-f721758c497d,,"P0102, Male",,3,3,1,1,111.04651162791,73.896425495263,18708,18796,88,5.7536839170415,IwAR3mmnJDBFtVAGgp-dCh04amN_VnzZSXXS2XSbx7Qdv51zCJ9OfApBe-DgU,
d4d6fdec-9f80-41bc-a81c-d1f322ab3a1e,32062453-818a-44f3-acac-1e8d66588646,Squats_20.mp4,https://d48dl6cezsco5.cloudfront.net/experiments/experiment_d4d6fdec-9f80-41bc-a81c-d1f322ab3a1e/project_lg_32062453-818a-44f3-acac-1e8d66588646.jpg?v=15.35.4,1d3a9087-9282-4d18-af02-f721758c497d,,"P0102, Male",,3,3,1,1,104.49683779762,75.363756613757,18817,18977,160,17.260794136322,IwAR3mmnJDBFtVAGgp-dCh04amN_VnzZSXXS2XSbx7Qdv51zCJ9OfApBe-DgU,
d4d6fdec-9f80-41bc-a81c-d1f322ab3a1e,32062453-818a-44f3-acac-1e8d66588646,Squats_20.mp4,https://d48dl6cezsco5.cloudfront.net/experiments/experiment_d4d6fdec-9f80-41bc-a81c-d1f322ab3a1e/project_lg_32062453-818a-44f3-acac-1e8d66588646.jpg?v=15.35.4,1d3a9087-9282-4d18-af02-f721758c497d,,"P0102, Male",,3,3,1,1,124.28385416667,73.900462962963,19000,19114,114,13.176632987518,IwAR3mmnJDBFtVAGgp-dCh04amN_VnzZSXXS2XSbx7Qdv51zCJ9OfApBe-DgU,
d4d6fdec-9f80-41bc-a81c-d1f322ab3a1e,32062453-818a-44f3-acac-1e8d66588646,Squats_20.mp4,https://d48dl6cezsco5.cloudfront.net/experiments/experiment_d4d6fdec-9f80-41bc-a81c-d1f322ab3a1e/project_lg_32062453-818a-44f3-acac-1e8d66588646.jpg?v=15.35.4,1d3a9087-9282-4d18-af02-f721758c497d,,"P0102, Male",,3,3,1,1,109.54215934685,79.861111111111,19135,19219,84,12.387980105416,IwAR3mmnJDBFtVAGgp-dCh04amN_VnzZSXXS2XSbx7Qdv51zCJ9OfApBe-DgU,
d4d6fdec-9f80-41bc-a81c-d1f322ab3a1e,32062453-818a-44f3-acac-1e8d66588646,Squats_20.mp4,https://d48dl6cezsco5.cloudfront.net/experiments/experiment_d4d6fdec-9f80-41bc-a81c-d1f322ab3a1e/project_lg_32062453-818a-44f3-acac-1e8d66588646.jpg?v=15.35.4,1d3a9087-9282-4d18-af02-f721758c497d,,"P0102, Male",,3,3,1,1,105.16761879067,55.819547225797,19239,19622,383,9.3989207128437,IwAR3mmnJDBFtVAGgp-dCh04amN_VnzZSXXS2XSbx7Qdv51zCJ9OfApBe-DgU,
d4d6fdec-9f80-41bc-a81c-d1f322ab3a1e,32062453-818a-44f3-acac-1e8d66588646,Squats_20.mp4,https://d48dl6cezsco5.cloudfront.net/experiments/experiment_d4d6fdec-9f80-41bc-a81c-d1f322ab3a1e/project_lg_32062453-818a-44f3-acac-1e8d66588646.jpg?v=15.35.4,1d3a9087-9282-4d18-af02-f721758c497d,,"P0102, Male",,3,3,1,1,107.18158312559,36.985596707819,19755,19923,168,,IwAR3mmnJDBFtVAGgp-dCh04amN_VnzZSXXS2XSbx7Qdv51zCJ9OfApBe-DgU,
